author,id,score,selftext,subreddit,title
Ellis_the_Man,c88e8j,10275,,todayilearned,"TIL, that movie Dallas Buyers Club budget was so low, they had only 250$ for the makeups. The film's artists were able to work with that, and the film's Makeup and Hairstyling won an Oscar."
dontfuckingknowwwww,c874f1,6640,,todayilearned,"TIL That Pol Pot killed people who had glasses or if they spoke foreign language, just because he thought they were smart."
Wonder_Woman29,c856lg,4290,,todayilearned,"TIL That there was a woman named Veronica Seider from Germany, who had vision 20x better than an average person. She was able to identify people from more than a mile away."
amleeper21,c80tud,18440,,todayilearned,"TIL Marie Skłodowska Curie changed the world not once but twice. She founded the new science of radioactivity – even the word was invented by her – and her discoveries launched effective cures for cancer. She is the 1st woman to win a Nobel Prize, and 1st person to win a second Nobel prize."
Spagetti13,c806uo,66445,,todayilearned,"TIL that fireworks are totally illegal in Florida, but are sold to ordinary people in huge quantities via hundreds of stores across the state to anyone who signs a waiver saying they're for agricultural use to scare birds away from crops."
savethaplanet,c8als9,189,,todayilearned,"TIL about Brian, the mentally ill Bonobo who was prescribed Paxil to help with his anxiety but taken off of it a few years later after he started sharing it amongst the other apes"
ImTheGerbilKing,c88iyd,274,,todayilearned,"TIL up until around the 1970s, hospital laboratory workers used mouth pipetting to transfer patient's blood for testing from one container to the next, frequently getting the patients blood or other chemicals in their mouth."
ContingencyUsername,c83z66,987,,todayilearned,"TIL: An Afghan tank commander reported to his president that Marxists planned to attack the capital. Subsequently, the President ordered tanks to guard it. The tanks then turned their guns on the palace and ultimately killed the him. The tank commander himself was secretly the Marxist general."
themadkingnqueen,c89pg6,126,,todayilearned,TIL the power puff girls had an episode called the Beat-Alls where almost every line and plot point are lyrics from the Beatles.
euthyfhro,c8b2jr,84,,todayilearned,"TIL that coconut farmers in Thailand train pigtailed macaques to harvest their coconuts. A trained macaque can pick up to 1600 coconuts a day, while a human can harvest around a 100."
amansaggu26,c7tsf0,52571,,todayilearned,TIL There was a campaign to rename the Australian Dollar to 'Dollarydoo' after an episode of The Simpsons. Supporters claimed it would increase demand for the currency.
JohnBoyAndBilly,c8af6y,95,,todayilearned,"TIL That in the 1990s Namco was granted a general patent for providing an auxiliary game (like Galaxian) during a loading screen, meaning that kids across the planet have spent millions of combined hours staring at loading screens thanks to Namco"
Tokyono,c7uasv,7796,,todayilearned,"TIL David “Carbine” Williams, who helped invent the M1 Carbine, was a convicted murderer and created innovative gun ideas while in jail. He was convicted of the shooting of a sheriff who busted his illegal moonshine still. He was released after his family argued his inventions could help America."
Bailey7788,c88fcg,132,,todayilearned,TIL that a Nielsens study found that the average hour of television in 2014 had close to 15 minutes and 30 seconds of commercials
jamescookenotthatone,c84c0n,594,,todayilearned,TIL: Burst fire firearms were introduced to the US Army as a means to conserve ammo. During the Vietnam War (less well trained) soldiers would commonly hold down the trigger until they ran out of ammo.
TedDanson-,c88ss1,111,,todayilearned,TIL Actor Jason Statham competed in Diving for Great Britain at the 1990 Commonweath Games in Auckland
Connor3977,c7tdbt,9516,,todayilearned,"TIL That the term ‘antisocial’ is very commonly misused, and actually means to be violently against society and the rules imposed upon it, whereas the term for just being shut off/introverted is ‘asocial’."
school-yeeter,c8bcc0,55,,todayilearned,TIL 70% of lottery winners go bankrupt.
pikknz,c899nl,93,,todayilearned,"TIL as The Simpsons is hand drawn it takes 3 months to complete an episode, but South Park only takes a week as it is computerised."
xlude22x,c7slkb,14414,,todayilearned,TIL there’s a man who makes his living off scouring the streets and sidewalks of New York’s diamond district for mini diamonds that are dropped during transport
honesty-lowkeye,c88yq4,81,,todayilearned,"TIL Orcas, or ""killer whales,"" are actually dolphins."
ImTheGerbilKing,c7s49z,11964,,todayilearned,"TIL on average, supermarket apples are 9-12 months old when they reach the stores. Picked slightly unripe, apples are treated with 1-methylcyclopropene, waxed and boxed, then stacked and kept in cold storage."
ThisIsADuckHere,c8aola,49,,todayilearned,TIL that 1 in every 18 people have a third nipple.
ChupdiChachi,c8aghn,49,,todayilearned,TIL hurricanes and storms induce labor in pregnant women because low barometric pressures induce delivery by leading to breaking their water.
